id,题型,风险,解析重合度,题干,选项,原答案,现答案(参考库),确认答案(待填),参考库解析
19,single,★高风险(解析串台),0.0,在学法用法的实践中，施工企业有时会遇上法规冲突，届时可通过专业咨询服务得到解决，但若能自己通过学习获得解决或理解，则更能提高 （　　） 的效率。,A.企业运营 / B.生产运营 / C.生产劳动 / D.个人能力,B,A,,
34,single,★高风险(解析串台),0.0,下列选项中，不属于安全生产主体责任的特点是 （　　） 。,A.安全生产法定责任是主体责任的底线 / B.安全生产主体责任内涵不断与时俱进 / C.安全生产主体责任地方法规政策概览 / D.安全生产主体责任因企业不同而各有特点,C,D,,2.1.2.3 安全生产主体责任的特点 1.安全生产法定责任是主体责任的底线 2.安全生产主体责任内涵不断与时俱进 3. 安全生产主体责任因行业不同而各有特点 4.安全生产主体责任地方法规政策概览
64,single,★高风险(解析串台),0.0,工程承建企业跨省施工的，工程所在地省级建设主管部门应当在事故发生之日起 （　　） 日内将事故基本情况书面通报颁发管理机关，同时附具企业及有关项目违法违规事实和证明安全生产条件降低的相关询问笔录或其它证据材料。,A.10 / B.15 / C.20 / D.30,D,B,,
96,single,★高风险(解析串台),0.0,下列选项中不是标准特性的是 （　　） 。,A.权威性 / B.强制性 / C.民主性 / D.实用性,C,B,,标准的特性是： 一是权威性。 二是民主性。 三是实用性。 四是科学性。
138,single,★高风险(解析串台),0.0,下列起重机械中，属于特种设备的是 （　　） 。,A.额定起重量0.5t的升降机 / B.额定起重量2t的起重机 / C.起重力矩30t ·m的塔式起重机 / D.生产率200t/h的装卸桥,C,A,,起重机械，是指用于垂直升降或者垂直升降并水平移动重物的机电设备，其范围规定为额定起重量大于或者等于0.5t的升降机；额定起重量大于或者等于3t（或额定起重力矩大于或者等于40t·m的塔式起重机，或生产率大于或者等于300t/h的装卸桥），且提升高度大于或者等于2m的起重机；层数大于或者等于2层的机械式停车设备。
145,single,★高风险(解析串台),0.0,根据《建筑起重机械安全监督管理规定》，施工总承包单位应当履行的安全职责不正确的是 （　　） 。,A.向安装单位提供拟安装设备位置的基础施工资料 / B.审核安装单位、使用单位的资质证书 / C.审核使用单位制定的生产安全事故应急救援预案 / D.审核安装单位制定的防止塔吊相互碰撞的方案,C,D,,
274,single,★高风险(解析串台),0.0,对符合要求的工地进行安全生产标准化竣工确认，并在确认后 （　　） 工作日内向建设单位发放《终止施工安全监督告知书》。,A.3个 / B.5个 / C.7个 / D.10个,C,B,,
292,single,★高风险(解析串台),0.0,根据《上海市建设工程施工安全监督管理办法》第八条第二款规定，施工单位不得安排未接受过安全教育、技术培训并经考核合格的施工人员上岗作业。使用无证人员多于30人或者占施工人员总数25%以上，责令限期改正，并可处以 （　　） 的罚款。,A.3万元以上5万元以下 / B.1万元以上5万元以下 / C.5万元以上10万元以下 / D.2万元以上5万元以下,D,A,,
299,single,★高风险(解析串台),0.0,开挖深度 （　　） m及以上的基坑（槽）的土方开挖、支护、降水工程属于Ⅰ类危险等级。,A.3 / B.5 / C.15 / D.24,B,C,,
314,single,★高风险(解析串台),0.0,以下选项中， （　　） 用于非软土基坑时，基坑深度不宜大于12m；用于淤泥质土基坑时，基坑深度不宜大于6m；不宜用在高水位的碎石土、砂土层中。,A.预应力锚杆复合土钉墙 / B.水泥土桩复合土钉墙 / C.微型桩复合土钉墙 / D.单一土钉墙,C,B,,"水泥土桩复合土钉墙适用于非软土基坑,且基坑深度不宜大于12m"
316,single,★高风险(解析串台),0.0,施工期间土钉墙支护坡顶应按荷载 （　　） 设计要求控制施工荷载。,A.超载值 / B.标准值 / C.组合值 / D.代表值,D,A,,
377,single,★高风险(解析串台),0.0,依据《建筑施工扣件式钢管脚手架安全技术规范》JGJ130，常用密目式安全立网全封闭式单、双排脚手架的设计尺寸表格适用于地面粗糙度为 （　　） 类地区。,A.A / B.B / C.C / D.D,B,C,,地面粗糙度可分为A、B、C、D四类： 一A类指近海海面和海岛、海岸、湖岸及沙漠地区； 一B类指田野、乡村、丛林、丘陵以及房屋比较稀疏的乡镇和城市郊区； 一C类指有密集建筑群的城市市区； —D类指有密集建筑群且房屋较高的城市市区。
390,single,★高风险(解析串台),0.0,下列关于加强型满堂支撑架说法错误的是 （　　） 。,A.在竖向剪刀撑顶部交点平面应设置水平剪刀撑 / B.水平剪刀撑至架体底平面距离与水平剪刀撑间距不宜超过8m / C.剪刀撑宽度应为3m~5m / D.竖向剪刀撑斜杆与地面的倾角应为45°~60°,C,B,,"剪刀撑设置 a）剪刀撑的构造：剪刀撑斜杆的接长宜采用搭接；剪刀撑斜杆应用旋转扣件固定在与之相交的横向水平杆的伸出端或立杆上，旋转扣件中心线至主节点的距离不宜大于150mm。 b）在竖向剪刀撑顶部交点平面应设置水平剪刀撑，水平剪刀撑至架体底平面距离与水平剪刀撑间距不宜超过6m，剪刀撑宽度应为3～5m。 c)竖向剪刀撑斜杆与地面的倾角应为45～60,水平剪刀撑与支架纵（或横）向夹角应为45～60°。 d)满堂支架的可调底座、可调托撑螺杆伸出长度不宜超过300mm，插入立杆内的长度不得小于150mm。"
402,single,★高风险(解析串台),0.0,采用悬挑、密目式安全网全封闭搭设的门式脚手架，搭设高度>60米，则每根连墙件覆盖面积≤ （　　） ㎡。,A.15 / B.22 / C.33 / D.40,C,B,,
404,single,★高风险(解析串台),0.0,门式满堂作业架的搭设高度应 （　　） 。,A.≤36m / B.≤30m / C.≥30m / D.≥36m,B,A,,《建筑施工门式钢管脚手架安全技术标准》
477,single,★高风险(解析串台),0.0,高处作业活动范围与220v带电体的距离应小于 （　　） 。,A.1.7m / B.2.5m / C.4m / D.5m,A,C,,
591,single,★高风险(解析串台),0.0,一般自升塔式起重机的安装程序中，安装平衡臂后，应当 （　　） 。,A.安装起重臂和变幅小车，穿绕起升钢丝绳 / B.组拼安装转台、回转支承装置 / C.顶升接高标准节到需要高度 / D.安装塔帽和驾驶室,D,A,,铺设轨道基础或固定基础→安装行走台车及底架→安装塔身基础节和两个标准节→安装斜撑杆→放置压重→安装顶升套架和液压顶升装置→组拼安装转台、回转支承装置。承座及过渡节→安装塔帽和驾驶室→装平衡臂→安装起重臂和变幅小车，穿绕起升钢丝绳→顶升接高标准节到需要高度。
624,single,★高风险(解析串台),0.0,有限空间作业监护者的职责不包括 （　　） 。,A.接受本单位职业卫生培训，持证上岗 / B.检查、验证应急救援服务、呼叫方法的效果 / C.在作业者作业期间保证在密闭空间外持续监护 / D.与作业者进行必要有效的安全、报警、撤离等信息沟通,B,A,,
631,single,★高风险(解析串台),0.0,有限空间作业时应保证足够照明，照明灯采用带胶罩的工作灯，照明电压应小于 （　　） V。,A.48 / B.36 / C.24 / D.12,C,B,,进入有限空间作业应有足够的照明，设备内照明电压应不大于36V。在潮湿或狭小容器内作业应小于12V，所有灯具及电动工具必须符合防潮、防爆等安全要求；
673,single,★高风险(解析串台),0.0,配电箱、开关箱内电器安装，电器至板边最小净距为 （　　）  mm。,A.20 / B.30 / C.40 / D.50,B,C,,
734,single,★高风险(解析串台),0.0,下列选项中不是每年编制的安全资料是 （　　） 。,A.总分包协议综合交底 / B.交底 / C.三级教育卡 / D.施工安全生产管理制度,C,B,,每年：总分包协议综合交底、施工管理人员安全生产岗位责任制（人员调动及时换）、三级教育卡、施工安全生产管理制度、职工家属安全责任状、防火安全、行车安全责任状协议。 项目部安全教育培训按计划表执行，保持每月2-3次 落地式脚手架验收以单位工程（每栋楼）验收，基础验收1次，每达到6-8米时验收1次，搭设完成整体验收1次。悬挑式脚手架验收，槽钢层（悬挑基础）验收1次，每三层（不超过10米）一次，搭设到规定高度整体验收1次（一般18米，基本上每一悬挑需要验收3次，以单位工程验收，如果作业面较大以单位工程分段验收） 临边、洞口安全防护设施验收一层一次（以单位工程验收，如果作业面较大以单位工程分段验收）验收记录必须有项 目经理签字。模板工程及支撑体系安全验收记录每层一次（以单位工程验收，如果作业面较大以单位工程分段验收）
742,single,★高风险(解析串台),0.0,距配电屏 （　　） m范围内不应设置可能产生较多易燃、易爆气体、粉尘的作业区。,A.2 / B.3 / C.4 / D.5,A,D,,《建设工程施工现场消防安全技术规范》，6.3.2.5
787,single,★高风险(解析串台),0.0,据悉，某排水管线迁移工程在建工地，因降雨沟槽一侧土体松动下滑，致沟内作业工人被困。基坑边坡的顶部应设排水措施，在边坡顶部挖纵向坡度不小于 （　　） 的排水沟。,A.1‰ / B.2‰ / C.3‰ / D.4‰,B,C,,排水沟设置坡度的目的是确保雨水能顺畅排出，避免积水回流渗入边坡土体。根据《建筑施工土石方工程安全技术规范》（JGJ 180）等相关标准，施工现场排水沟的纵向坡度通常不应小于 0.3%（即 3‰），以保证排水流畅，减少雨水滞留对边坡稳定性的影响。
819,multiple,★高风险(解析串台),0.0,建筑施工企业相比于矿山企业、危险化学品、烟花爆竹、民用爆炸物品生产企业，其危险特点有所不同，主要在于 （　　） 等。,A.突发性 / B.不可控性 / C.频率高 / D.范围不定 / E.劳动者的素质较低,ACD,CDE,,
828,multiple,★高风险(解析串台),0.0,企业收到《上海市住房和城乡建设管理委员会行政审批告知承诺书》， （　　） 后，在网上进行建筑施工企业安全生产许可证申请填报。,A.签收 / B.确认 / C.核对 / D.作出承诺 / E.回复响应,AD,BD,,
832,multiple,★高风险(解析串台),0.0,安委会一般包含主要负责人（最高管理者，党政同责），企业各分管领导、各职能部门负责人、工会代表组成，任务是 （　　） 企业重大安全生产问题。,A.调查 / B.研究 / C.分析 / D.讨论 / E.解决,BCDE,BCE,,
834,multiple,★高风险(解析串台),0.0,"申请参加安全生产考核的“安管人员”，应当具备 （　　） ,与企业确立劳动关系，并经企业年度安全生产教育培训合格。",A.相应文化程度 / B.专业工作年限 / C.专业技术职称 / D.一定安全生产工作经历 / E.专业工作职位,ABD,ACD,,
840,multiple,★高风险(解析串台),0.0,下列选项中属于企业安委会组成的是 （　　） 。,A.企业主要负责人 / B.企业各分管领导 / C.各职能部门负责人 / D.工会代表 / E.一线工人代表,ABCD,ABCDE,,
845,multiple,★高风险(解析串台),0.0,依据《建筑施工企业安全生产管理机构设置及专职安全生产管理人员配备办法》的规定，分包单位配备项目专职安全生产管理人员应当满足的要求，下列说法不正确的有 （　　） 。,A.劳务分包单位施工人员在50人以下的，应当配备1名专职安全生产管理人员 / B.劳务分包单位施工人员在50人以下的，不需要配备专职安全生产管理人员 / C.劳务分包单位施工人员200人及以上的，应当配备3名及以上专职安全生产管理人员，并根据所承担的分部分项工程施工危险实际情况增加，不得少于工程施工人员总人数的5‰。 / D.劳务分包单位施工人员50人-200人的，应当配备1名专职安全生产管理人员 / E.劳务分包单位施工人员50人-200人的，应当配备2名专职安全生产管理人员,BE,BD,,
847,multiple,★高风险(解析串台),0.0,建设工程安全生产标准化是从 （　　） 发展和引申而来的。,A.标准 / B.标准化 / C.安全标准化 / D.企业安全生产标准化 / E.国家安全生产标准化,BC,ABCD,,
851,multiple,★高风险(解析串台),0.0,安全生产标准化强调过程控制和系统管理，将贯彻国家有关法律法规、标准规程的行为过程及结果定量化或定性化，使安全生产工作处于可控状态，并通过 （　　） 等方式、方法和手段的结合，形成了有效的安全生产激励约束机制。,A.内部评审 / B.外部评审 / C.建模考核 / D.绩效考核 / E.评分考核,ABDE,AD,,
855,multiple,★高风险(解析串台),0.0,《建筑施工安全生产标准化考评暂行办法》明确，建筑施工企业具有 （　　） 之一的，安全生产标准化评定为不合格。,A.未按规定开展企业自评工作的 / B.企业近三年所承建的项目发生较大及以上生产安全责任事故的 / C.企业近三年所承建已竣工项目不合格率超过5%的 / D.省级及以上住房城乡建设主管部门规定的其他情形 / E.企业近三年所承建的项目发生一般及以上生产安全责任事故的,ABD,ABCD,,
868,multiple,★高风险(解析串台),0.0,根据《装配整体式混凝土结构工程施工安全管理规定》，下列关于其专项施工方案的主要内容，下列说法正确的有 （　　） 。,A.预制构件堆放、驳运及吊装 / B.高处作业的安全防护 / C.专用操作平台、脚手架等设施及其附着设施 / D.垂直爬梯及吊篮等设施及其附着设施 / E.构件安装的临时支撑体系,ABCE,ABCDE,,专项施工方案应包括以下主要内容： （一）预制构件堆放、驳运及吊装，包括：现场装卸、堆放及驳运、吊装方式和路线；构件堆场的地基承载力计算；吊装设备选型，吊具设计；构件吊点、塔吊施工升降机附墙点等设计； （二）高处作业的安全防护，包括：因临边安装构件、连接节点现浇混凝土及成品保护修补所采取的防护措施以及交叉作业安全防护等； (三）专用操作平台、脚手架、垂直爬梯及吊篮等设施，及其附着设施； (四）构件安装的临时支撑体系等。
872,multiple,★高风险(解析串台),0.0,根据《上海市危险性较大的分部分项工程专家论证管理办法》，对参加危险性较大的分部分项工程专项方案论证会议的对象有明确规定，下列选项正确的有 （　　） 。,A.论证组成员 / B.建设单位项目负责人或技术负责人 / C.监理单位项目总监理工程师及专业监理工程师 / D.勘察、设计单位项目技术负责人及相关人员 / E.监督机构必须派员参加,ABCD,ABD,,第⼗六条（论证会议对象）下列⼈员应当参加专项⽅案论证会议： （⼀）论证组成员； （⼆）建设单位项⽬负责⼈或技术负责⼈； （三）监理单位项⽬总监理⼯程师及相关⼈员； （四）施⼯企业技术负责⼈、项⽬负责⼈、专项⽅案编制⼈员、项⽬专职安全⽣产管理⼈员； （五）勘察、设计单位项⽬技术负责⼈及相关⼈员； （六）监督机构视需要派员参加。
881,multiple,★高风险(解析串台),0.0,根据《建筑施工特种作业人员管理规定》，不属于考核发证机关应当注销建筑施工特种作业资格证书的情形是 （　　） 。,A.依法不予延期的 / B.持证人逾期未申请办理延期复核手续的 / C.持证人弄虚作假骗取办理延期复核手续的 / D.持证人弄虚作假骗取资格证书 / E.持证人死亡或者不具有完全民事行为能力的,D,CD,,第三十条 有下列情形之一的，考核发证机关应当注销资格证书： （一）依法不予延期的； （二）持证人逾期未申请办理延期复核手续的； （三）持证人死亡或者不具有完全民事行为能力的； （四）考核发证机关规定应当注销的其他情形。
889,multiple,★高风险(解析串台),0.0,建筑施工现场要坚持 （　　） 的原则，重点加强建筑施工消防安全管理工作，彻底消除火灾隐患。,A.安全自查 / B.监理监督 / C.隐患自除 / D.责任自负 / E.失职追责,ACDE,ACD,,
911,multiple,★高风险(解析串台),0.0,根据《生产安全事故应急条例》规定，应急救援队伍应当配备必要的应急救援 （　　） ，并定期组织训练。,A.设备 / B.物品 / C.物资 / D.器材 / E.装备,ADE,CE,,
924,multiple,★高风险(解析串台),0.0,以下情形不属于《上海市建设工程安全生产责任保险实施意见》规定的保险责任的有 （　　） 。,A.被责令停产、停业、关闭后擅自从事经营活动发生的事故 / B.投保单位或其从业人员或者第三者故意行为造成的生产安全事故 / C.违法行为造成的生产安全事故 / D.不可抗力造成的生产安全事故 / E.间接损失,ABCDE,ABCE,,第九条 下列原因造成的损失、费用或责任，保险人不负责赔偿：（三）自然灾害等不可抗力，但因被保险人防范措施不落实、应急、救援预案或者防范救援措施不力的情况下，由自然灾害等不可抗力引发造成的事故不在此限；
948,multiple,★高风险(解析串台),0.0,《建筑工程绿色施工评价标准》规范了绿色施工评价的方法，实施评价的基本思路是： （　　） 。,A.实用 / B.简便 / C.经济 / D.节约 / E.有效,ABE,ABD,,
982,multiple,★高风险(解析串台),0.0,安全生产技术交底活动需要对将要开工的工程施工项目通过 （　　） 的排查，找出现实中存在的不安全因素，制定相应的对策，防止作业中的危害。,A.施工机械 / B.施工现场 / C.危险源 / D.施工人员 / E.施工风险,ABC,CE,,
988,multiple,★高风险(解析串台),0.0,编制专项施工方案，更好地指导基坑支护开挖作业，确保 （　　） 的安全。,A.基坑 / B.支护 / C.作业人员 / D.支撑 / E.机械设备,ABC,ABCDE,,
991,multiple,★高风险(解析串台),0.0,基坑工程中，以下关于支挡式结构说法正确的是 （　　） 。,A.悬臂式结构的支挡适用于较深的基坑 / B.排桩适用于可采用降水或截水帷幕的基坑 / C.支护结构与主体结构结合的逆作法适用于较深的基坑 / D.拉锚式结构适用于较深的基坑 / E.锚杆适用于软土层和高水位的碎石土、砂土层中,BCE,BCD,,悬臂式围护结构适用于土质较好、开挖深度较浅的基坑工程。 支护结构与主体结构结合的逆作法 适用于基坑周边环境条件很复杂的深基坑。 锚杆不宜用在软土层和高水位的碎石土、砂土层中。
995,multiple,★高风险(解析串台),0.0,下列关于地下连续墙钢筋笼吊装施工说法错误的是 （　　） 。,A.吊装所选用的起重机应满足吊装高度及起重量的要求，主吊和副吊应根据经验确定 / B.采用双机抬吊作业时，应统一指挥，动作应配合协调，载荷应分配合理 / C.起重机械在吊钢筋笼行走时，载荷不得超过允许起重量的75% / D.钢筋笼离地不得大于500mm，并应栓好拉绳，缓慢行驶 / E.钢筋笼应设置定位垫块，垫块在水平方向上的间距宜取3m～5m，在垂直方向上宜每层设置2块～3块,AC,ACE,,"吊装所选用的吊车应满足吊装高度及起重量的要求，主吊和副吊应根据计算确定。 起重机械在吊钢筋笼行走时，载荷不得超过允许起重量的70％，钢筋笼离地不得大于500mm，并应拴好拉绳，缓慢行驶。 钢筋笼应设置定位垫块,垫块在垂直方向上的间距宜取 3～5m,在水平方向上宜每层设置 2～3 块。"
996,multiple,★高风险(解析串台),0.0,下列关于排桩围护墙的说法正确的是 （　　） 。,A.干作业挖孔时孔口周边必须设置护栏，护栏高度不应小于0.5m / B.采用混凝土灌注桩时，单桩的纵向受力钢筋不宜少于5根 / C.钻机施工时，当桩孔净间距过小或采用多台钻机同时施工时，相邻桩应间隔施工，当无特别措施时完成浇筑混凝土的桩与邻桩间距不宜小于4倍桩径，或间隔施工时间宜大于36h / D.采用混凝土灌注桩时，对锚拉式排桩或支撑式排桩，支护桩的桩径宜大于或等于300mm；排桩的中心距不宜大于桩直径的3.0倍 / E.排桩桩间土应采取防护措施。喷射混凝土面层的厚度不宜小于50mm，混凝土强度等级不宜低于C20，混凝土面层内配置的钢筋网的纵横向间距不宜大于200mm,BCE,CE,,孔口周边必须设置护栏，护栏高度不应小于0.8m。 纵向受力钢筋宜选用HRB400、HRB500钢筋，单桩的纵向受力钢筋不宜少于8根。 当桩孔净间距过小或采用多台钻机同时施工时，相邻桩应间隔施工，当无特别措施时完成浇筑混凝土的桩与邻桩间距不应小于4倍桩径，或间隔施工时间宜大于36h。 采用混凝土灌注桩时，对悬臂式排桩，支护桩的桩径宜大于或等于600mm；对锚拉式排桩或支撑式排桩，支护桩的桩径宜大于或等于400mm；排桩的中心距不宜大于桩直径的2.0倍。 排桩桩间土应采取防护措施。桩间土防护措施宜采用内置钢筋网或钢丝网的喷射混凝土面层。喷射混凝土面层的厚度不宜小于50mm，混凝土强度等级不宜低于C20，混凝土面层内配置的钢筋网的纵横向间距不宜大于200mm。
998,multiple,★高风险(解析串台),0.0,基坑降排水的安全生产目标包括 （　　） 。,A.防止地表水流入基坑而浸泡地基，影响地基承载力 / B.保障施工机械正常工作 / C.防止基坑坑底被水浸泡后造成基坑安全性的降低 / D.防止边坡土方坍塌，影响施工进度 / E.对基坑施工范围内的地下水进行控制,ACE,ACDE,,
1000,multiple,★高风险(解析串台),0.0,基坑降水应根据场地的 （　　） 等，选择合理降水井类型、设备和方法。,A.水文地质条件 / B.基坑面积 / C.开挖深度 / D.各土层的渗透性 / E.周边环境,ABCDE,ABCD,,
1007,multiple,★高风险(解析串台),0.0,基坑监测方案应包括以下内容 （　　） 。,A.工程概况 / B.监测依据、项目、测点布置和监测方法 / C.监测元件和仪器 / D.监测频率和报警值 / E.资料整理方法及监测成果形成,ABCDE,ABCD,,
1018,multiple,★高风险(解析串台),0.0,关于爬模作业，下列说法正确的是 （　　） 。,A.爬升时，作业人员应站在爬升件上，防止模板爬升过程中晃动与扭转 / B.爬升前，应检查确认各个爬升模板单元已彻底分开 / C.爬架底部亦应满铺脚手板和设置安全网。 / D.支架爬升时的附墙架穿墙螺栓受力处的新浇混凝土强度应达到10N/m㎡ / E.每单元爬升完毕应及时固定,BCE,BCDE,,爬升时，应先收紧千斤钢丝绳，吊住大模板或支架，然后拆卸穿墙螺栓，并检查再无任何连接，卡环和安全钩无问题，调整好大模板或支架的重心，保持垂直，开始爬升。爬升时，作业人员应站在固定件上，不得站在爬升件上爬升，爬升过程中应防止晃动与扭转。
1024,multiple,★高风险(解析串台),0.0,脚手架斜道的构造应符合下列规定 （　　） 。,A.斜道宜附着外脚手架设置 / B.拐弯处应设置平台 / C.平台宽度不应小于斜道宽度 / D.人行斜道宽度不宜小于1m，坡度宜采用1：3 / E.斜道两侧及平台外围均应设置栏杆及挡脚板,ABCE,ABCDE,,6.7.2斜道的构造应符合下列规定： （1）斜道宜附着外脚手架或建筑物设置。 （2）运料斜道宽度不宜小于1.5米，坡度宜采用1：6，人行斜道宽度不宜小于1米，坡度宜采用1：3。 （3）拐弯处应设置平台，其宽度不应小于斜道宽度。 （4）斜道两侧及平台外围均应设置栏杆及挡脚板。栏杆高度应为1.2米，挡脚板高度不应小于180毫米。 （5）运料斜道两侧、平台外围和端部均应按本规范第6.4.1～6.4.6条的规定设置连墙件。每两步应加设水平斜杆。应按本规范第6.6.2和6.6.3条的规定设置剪刀撑和横向斜撑。
1029,multiple,★高风险(解析串台),0.0,每搭完一步支模架后，应及时校正 （　　） 。,A.水平杆步距 / B.立杆的纵距 / C.立杆的横距 / D.立杆的垂直偏差 / E.水平杆的水平偏差,ABCD,ABCDE,,
1037,multiple,★高风险(解析串台),0.0,竖向主框架与水平支承结构采用铰接点连接时，各杆件轴线应交汇于一点，可采用 （　　） 的形式。,A.侧面连接 / B.上下连接 / C.焊接 / D.扣件连接 / E.穿套式连接,CD,ABE,,
1042,multiple,★高风险(解析串台),0.0,市政类钢结构工程安全要点中，对当天作业内容、部位、顺序等进行交代，包括 （　　） 。,A.作业面平面区域的施工内容 / B.本方施工区域临边防护 / C.汽车吊及履带吊的位置及可能涉及的影响 / D.施工当天天气情况 / E.钢箱梁的施工高度,ABC,ACE,,
1063,multiple,★高风险(解析串台),0.0,对于玻璃幕墙专项要求，中空玻璃气体层厚度不应小于9mm，宜采双单道密封，其中明框玻璃幕墙的中空玻璃可采用 （　　） 。,A.玻璃胶 / B.丁基密封胶 / C.聚硫密封胶 / D.硅酮结构胶 / E.耐候胶,BC,CD,,明框玻璃幕墙用中空玻璃的二道密封宜采用聚硫类中空玻璃密封胶，也可采用硅酮密封胶。
1066,multiple,★高风险(解析串台),0.0,拆除工程施工的安全生产目标，以下说法正确的有 （　　） 。,A.确保拆除过程无重大人身伤亡事故发生 / B.无重大交通责任事故发生 / C.无火灾事故发生 / D.职工重伤率0.03%以下以及轻伤率3%以下 / E.保证拆除工程中的人民生命和财产安全,ABCE,ABCDE,,
1084,multiple,★高风险(解析串台),0.0,装配整体式混凝土结构工程施工的专项施工方案应包括 （　　） 。,A.预制构件堆放、堆场加固、驳运及吊装 / B.吊装机械选型及平面布置 / C.高处作业、交叉作业的安全防护 / D.构件安装临时支撑体系 / E.可能发生的危害和突发事件应急预案,ABCDE,ABCD,,专项施工方案应包括以下主要内容： （一）预制构件堆放、驳运及吊装，包括：现场装卸、堆放及驳运、吊装方式和路线；构件堆场的地基承载力计算；吊装设备选型，吊具设计；构件吊点、塔吊施工升降机附墙点等设计； （二）高处作业的安全防护，包括：因临边安装构件、连接节点现浇混凝土及成品保护修补所采取的防护措施以及交叉作业安全防护等； （三）专用操作平台、脚手架、垂直爬梯及吊篮等设施，及其附着设施； （四）构件安装的临时支撑体系及基础承载力等。
1097,multiple,★高风险(解析串台),0.0,施工升降机安装完毕后，安装单位应验收的技术数据包括 （　　） 等。,A.接地电阻 / B.绝缘电阻 / C.垂直度数据 / D.水平度数据 / E.钢丝绳规格直径,ABC,ABCE,,
1106,multiple,★高风险(解析串台),0.0,某施工项目存在污水池等危险性较高场所的作业，下列企业的做法中，正确的有 （　　） 。,A.严格实行作业审批程度，严禁擅自进入污水池内作业 / B.先通风、后作业，严禁通风次数不够就作业 / C.对作业人员进行安全培训，严禁教育培训不合格人员上岗作业 / D.制定应急措施，严禁盲目施救 / E.将应急装备存放在专用仓库，避免遭到损坏,ABCD,ACD,,《有限空间安全作业五条规定》已废止。 有限空间安全作业五条规定： ⑴必须严格实行作业审批制度，严禁擅自进入有限空间作业。 ⑵必须做到“先通风、再检测、后作业”，严禁通风、检测不合格作业。 ⑶必须配备个人防中毒窒息等防护装备，设置安全警示标识，严禁无防护监护措施作业。 ⑷必须对作业人员进行安全培训，严禁教育培训不合格上岗作业。 ⑸必须制定应急措施，现场配备应急装备，严禁盲目施救。
1119,multiple,★高风险(解析串台),0.0,下列配电室的布置规则，正确的有 （　　） 。,A.配电柜正面的操作通道宽度，双列面对面布置时不应小于2.5m / B.配电柜正面的操作通道宽度，单列布置或双列背对背布置时不应小于2m / C.配电装置上端(含配电柜顶部与配电母线排)距天棚不应小于0.5m / D.配电柜侧面的维护通道宽度不应小于1m / E.配电室围栏上端与其正上方带电部分的净距不应小于1m,BCD,CD,,配电柜正面的操作通道宽度，单列布置或双列背对背布置不小于1.5m，双列面对面布置不小于2m； 配电室围栏上端与其正上方带电部分的净距不小于75mm。
1122,multiple,★高风险(解析串台),0.0,下列关于配电箱、开关箱中N线与PE线接线端子板的设置规则中，正确的是 （　　） 。,A.N端子板与钢质电器安装板之间必须保持电气连接 / B.PE端子板与钢质电器安装板之间必须保持绝缘 / C.N、PE端子板应采用紫铜板制作 / D.配电箱、开关箱应设门配锁，箱门与箱内PE端子板间应跨接编织软铜线 / E.配电箱、开关箱的外形结构应能防雨、防尘,DE,CDE,,N、PE端子板必须分别设置，固定安装在电器安装板上，并分别作(N、PE)符号标记，严禁合设在一起。其中，N端子板与钢质电器安装板之间必须保持绝缘，而PE端子板应与钢质电器安装板之间必须保持电气连接。当钢板箱配装绝缘电器安装板时，PE端子板应与钢板箱体作电气连接。
1146,multiple,★高风险(解析串台),0.0,上海市重点区域内施工工地的文明施工要求包括 （　　） 等规定。,A.采用爆破方式拆除基坑支撑 / B.施工现场设置宿舍的，每间宿舍人均居住面积不得低于5㎡ / C.任何情况下，禁止夜间施工 / D.禁止采用钢筋、模板成型加工作业 / E.设置的连续、封闭围挡图案简洁、美观且与周边环境相协调,BE,BDE,,本市重点区域内施工工地的文明施工要求，还应当符合下列 规定： （一）设置的连续、封闭围挡图案简洁、美观且与周边环境相协调，除管线工程外，围挡高度不得低于2.5米。 （二）安全网采用不透尘、符合安全要求的材料。 （三）禁止采用爆破方式拆除基坑支撑。 （四）禁止使用不符合标准的高噪声作业设备。 （五）施工现场设置宿舍的，每间宿舍人均居住面积不得低于5平方米，并按照标准配备生活设施。 （六）禁止夜间施工，但抢险、抢修工程及有特殊工序要求的工程除外；因特殊工序要求确需夜间施工的，应当向交通行政管理部门或者区生态环境部门办理夜间施工有关手续，并提前在周边区域予以公告。 （七）禁止采用钢筋、模板成型加工作业。 （八）轨道交通站点、隧道工程工作井施工，采用覆罩法作业方式，但施工现场安全或者空间条件无法达到要求的除外。
1158,multiple,★高风险(解析串台),0.0,以下不属于安全资料中教育交底资料的是 （　　） 。,A.方案需论证的专家意见书及完善措施 / B.三级动火证开具 / C.底总包对分包的安全交底 / D.隐患整改记录及回复单 / E.常规安全教育记录,ABD,ACD,,
1159,multiple,★高风险(解析串台),0.0,安全管理资料中关于安全验收的资料应包括 （　　） 等内容。,A.活动房、围挡验收记录 / B.安全设施设备验收记录 / C.塔吊和施工电梯安装告知书 / D.塔吊和施工电梯隐蔽验收记录及基础砼强度报告 / E.基坑沉降和位移监测、土方开挖等验收资料,ABDE,ABCDE,,
1161,multiple,★高风险(解析串台),0.0,安全检查验收方面， （　　） 等进场或初次施工完成后还需每月及复工验收。,A.脚手架 / B.临边洞口防护 / C.防护棚 / D.机械 / E.施工电梯,ABD,ABCD,,
1182,multiple,★高风险(解析串台),0.0,地下工程施工区域应设置 （　　） 。,A.消防给水管道 / B.消防水箱 / C.消防水池 / D.灭火栓 / E.稳压泵,ACD,AD,,地下室工程施工区域应设置消防给水管道和消火栓，消防给水管道可以与施工用水管道合用。特殊地下工程不能设置消防用水时，应配备足够数量的轻便消防器材。
1184,multiple,★高风险(解析串台),0.0,下列关于锅炉房应符合的要求包括 （　　） 。,A.锅炉房的门应向外开启 / B.锅炉正面与墙的距离不小于1m / C.锅炉正面与墙的距离不小于2m / D.锅炉与锅炉的距离不小于1m / E.锅炉与锅炉之间的距离不小于2m,ABD,AD,,锅炉房的门应向外开启，锅炉正面与墙的距离应不小于3m，锅炉与锅炉之间应保持不小于1m 的距离。
1186,multiple,★高风险(解析串台),0.0,冬季施工的防火要求中，对司炉工的要求包括 （　　） 等内容。,A.严格值班检查制度 / B.工作时间决不允许离开工作岗位 / C.炉灰倒在指定地点 / D.禁止使用易燃液体点火 / E.下班时须做好交接班，并记录锅炉运行情况,ABCDE,ACDE,,(7)严格值班检查制度。锅炉开着火以后，司炉人员不准离开工作岗位，值班时间绝不允许睡觉或做无关的事。 (8)司炉人员下班时，须向下一班作好交接班，并记录锅炉运行情况。 (9)炉灰倒在指定地点(不能带余火倒灰)，随时观察水温及水位，禁止使用易燃、可燃液体点火。 选项B：司炉工不得随便离开工作岗位，如果要离开时，应有合格司炉工代替。
1192,multiple,★高风险(解析串台),0.0,某地块施工现场，施工人员杜某在四楼楼面清理浇筑混凝土的钢筋笼时，不慎坠落。该事故由于临边防护设置不当导致人员从护栏空档处坠落，关于临边防护的要求说法正确的是 （　　） 。,A.高处作业时，防护栏杆要采用密目式安全立网或工具式栏板封闭 / B.当防护栏杆高度大于1.5m时，应增设横杆，横杆间距不应大于600mm / C.防护栏杆立杆底端当在土体上固定时，应采用预埋或打入方式固定 / D.防护栏杆立杆间距不应大于2m / E.施工的楼梯口、楼梯平台和梯段边，应安装防护栏杆；外设楼梯口、楼梯平台和梯段边还应采用密目式安全立网封闭,ACD,CDE,,防护栏杆应张挂密目式安全立网或其他材料封闭。 当防护栏杆高度大于1.2m时，应增设横杆，横杆间距不应大于600mm；
1195,multiple,★高风险(解析串台),0.0,某项目在吊运作业中，工人钟某强行越过警戒线，信号工郭某拉拽劝阻无果，钢丝绳突然断裂，方钢滑脱坠地，反弹后导致钟某当场死亡。起重机械作业时，应在作业区域周围设置明显的 （　　） ，禁止无关人员进入。,A.警戒线 / B.警戒标志 / C.警戒栏杆 / D.警戒围墙 / E.负责人,AB,ABC,,
1228,judge,★高风险(解析串台),0.0,新修订《安全生产法》加大了对中介服务机构失信行为的惩戒力度。增加“对违法行为情节严重的直接责任人员，吊销其相应资格和资质，十年内不得从事相关工作”。,A.正确 / B.错误,A,B,,
1285,judge,★高风险(解析串台),0.0,建筑施工企业在12个月内第二次发生生产安全事故的，发生较大事故的，暂扣时限为在上一次暂扣时限的基础上再增加30日。,A.正确 / B.错误,A,B,,
1329,judge,★高风险(解析串台),0.0,根据《建筑施工安全生产标准化考评暂行办法》规定，项目完工办理竣工验收后，建筑施工企业应当向项目考评主体提交项目安全生产标准化自评材料。,A.正确 / B.错误,A,B,,
1337,judge,★高风险(解析串台),0.0,《建筑施工安全生产标准化考评暂行办法》明确，企业近三年所承建的项目发生一般生产安全责任事故的，企业安全生产标准化评定为不合格。,A.正确 / B.错误,A,B,,
1364,judge,★高风险(解析串台),0.0,进入密闭空间作业，应严格执行作业审批制度和“先检测、再通风、后作业”的规定。,A.正确 / B.错误,A,B,,
1407,judge,★高风险(解析串台),0.0,建立现代化消防监管模式，单位应当采用电气火灾监控技术，提升对电器产品及其线路运行状态的监测、预警和处置能力。,A.正确 / B.错误,A,B,,
1483,judge,★高风险(解析串台),0.0,《标准化法》规定，对满足基础通用、与强制性国家标准配套、对各有关行业起引领作用等需要的技术要求，可以制定为行业标准。,A.正确 / B.错误,A,B,,
1503,judge,★高风险(解析串台),0.0,鉴于工程建设中各工种调动频繁、用工流动性大，投保实行不记名和不计人数的这种方式属于工伤保险的投保。,A.正确 / B.错误,B,A,,
1525,judge,★高风险(解析串台),0.0,绿色施工基于可持续发展思想，以提高经济效益、减员增效和保护环境为典型特征，是对传统施工模式的创新。,A.正确 / B.错误,B,A,,
1591,judge,★高风险(解析串台),0.0,支护结构整体失稳的原因是基坑底部和墙体外面大量的泥沙随地下水涌入基坑，导致坑外地面塌陷。,A.正确 / B.错误,B,A,,
1645,judge,★高风险(解析串台),0.0,承插型盘扣式支架，当搭设高度超过8m的满堂模板支架时，竖向斜杆应满布设置，水平杆的步距不得大于2.5m。,A.正确 / B.错误,A,B,,
1678,judge,★高风险(解析串台),0.0,钢结构安装工程中的安全爬梯的承载必须经过结构计算。,A.正确 / B.错误,A,B,,安全爬梯的承载必须经过安全计算。
1725,judge,★高风险(解析串台),0.0,幕墙玻璃采用镀膜玻璃时，镀膜的一面应向室内。,A.正确 / B.错误,B,A,,
1735,judge,★高风险(解析串台),0.0,石材幕墙嵌胶封缝时，选用的泡沫塑料圆条直径应大于缝宽。,A.正确 / B.错误,B,A,,
1858,judge,★高风险(解析串台),0.0,6x37钢丝绳其断丝数在一个节距内超过18丝应报废。,A.正确 / B.错误,A,B,,22丝
1865,judge,★高风险(解析串台),0.0,高空作业车的专用车用途特征代号是HK。,A.正确 / B.错误,A,B,,用途特征代号。GK表示高空。
1929,judge,★高风险(解析串台),0.0,临时用电的配电采用一总路、二分路形式。,A.正确 / B.错误,B,A,,
1997,judge,★高风险(解析串台),0.0,消防给水管道可以与施工用水管道合用。,A.正确 / B.错误,A,B,,
796,single,★高风险(解析串台),0.05,某施工现场吊装作业过程中，在前后分别吊装2个配电箱时，放置2号配电箱时压到1号配电箱所垫的槽钢，致使1号配电箱失稳倾倒，压到突然返回作业现场的程某。在吊装作业过程中， （　　） 前，必须对吊运物进行前的安全状态确认，无误后方可继续。,A.吊装 / B.松钩 / C.抓取 / D.绑扎,B,A,,根据《起重机械安全规程》（GB 6067.1），起吊前必须对吊运物的捆绑状态、吊具连接、作业环境（如周边物件稳定性）等进行全面确认，确保起吊过程中无碰撞、倾倒风险。本例中，若在起吊 2 号配电箱前确认其放置位置与 1 号箱的安全距离，可避免事故发生。
1167,multiple,★高风险(解析串台),0.06,根据“四不放过”原则，在火灾事故发生后，施工单位和建设单位应共同做好现场保护和会同消防部门进行现场勘察的工作，以下属于“四不放过”原则的是 （　　） 。,A.事故原因分析不清不放过 / B.事故责任者和群众没受到教育不放过 / C.事故隐患不整改不放过 / D.事故责任者未受到处理不放过 / E.事故未调查处理不放过,ABD,ABCD,,"安全生产的“四不放过”原则是：原因未查明不放过、责任人未处理不放过、有关人员未受到教育不放过、整改措施未落实不放过""。"
28,single,★高风险(解析串台),0.08,根据《建设工程安全生产管理条例》规定，下列选项中，需要编制专项施工方案，但不需要进行专家论证、审查的是 （　　） 。,A.开挖深度超过15m未超过20m的基坑支护工程 / B.开挖深度超过10m未超过15m的基坑支护工程 / C.开挖深度超过5m未超过10m的基坑支护工程 / D.开挖深度超过3m未超过5m的基坑支护工程,C,D,,需要进行专家论证、审查的是：深基坑工程开挖深度超过5m (含 5m) 的基坑(槽)的土方开挖、支护、降水工程或开挖深度虽未超过 5m ，但地质条件、周围环境和地下管线复杂，或影响毗邻建筑(构筑)物安全的基坑(槽)的土方开挖、支护、降水工程。
297,single,★高风险(解析串台),0.08,本市规定，为降低建设工地的噪声污染，制定了建设工地施工分贝控制值，即晚21时至23时限 （　　） 分贝。,A.60 / B.65 / C.70 / D.75,B,C,,日间标准（70分贝）
1117,multiple,★高风险(解析串台),0.09,根据现行行业标准《建筑施工安全检查标准》JGJ59规定，施工用电一般项目的检查评定包括 （　　） 等内容。,A.配电室建筑耐火等级应不低于3级并配备合格的消防器材 / B.配电室的布设应符合规范 / C.配电装置的电器元件设置应符合规范 / D.配电箱应设置警示标志 / E.备用发电机组必须与外电线路连锁,BCD,ABCDE,,"施工用电,5 配电室与配电装置 1）配电室建筑耐火等级不低于3级并配备合格的消防器材； 2）配电室、配电装置的布设应符合规范； 3）配电装置中的仪表、电器元件设置应符合规范； 4）备用发电机组必须与外电线路进行连锁； 5）配电室应设置警示标志、工地平面图和系统图 。"
1132,multiple,★高风险(解析串台),0.09,根据现行行业标准《建筑施工安全检查标准》JGJ59规定，施工用电一保证项目的检查评定包括 （　　） 等内容。,A.线路及接头应保证机械强度和绝缘强度 / B.线路应设短过载保护 / C.导线应满足线路负荷电流 / D.线路架设应符合规范 / E.线路埋设应符合规范,ABCDE,ABDE,,施工用电保证项目的检查评定应符合下列规定： 配电线路 1)线路及接头应保证机械强度和绝缘强度; 2线路应设短路、过载保护，导线截面应满足线路负荷电流; 3)线路架设或埋设应符合规范。
233,single,★高风险(解析串台),0.1,根据《上海市建筑市场信用信息管理办法》规定，下列选项中 （　　） 不属于各方主体的信用信息。,A.基本信息 / B.优良信息 / C.良好信息 / D.不良信息,C,B,,第二条（定义） 本管理办法所称建筑市场信用信息，是指各方主体在建筑市场活动中产生的，可用以识别、分析、判断主体守法、履约状况的客观数据和资料。各方主体的信用信息分为基本信息、良好信用信息、不良信用信息。
726,single,★高风险(解析串台),0.11,施工现场应有防止扬尘措施。道路管线工程实施一体化施工的，每 （　　） 应做到工完场清。,A.日 / B.周 / C.旬 / D.期,D,A,,"建筑垃圾应集中、分类堆放,及时清运。道路管线工程施工,应每日做到工完场清。"
1009,multiple,★高风险(解析串台),0.11,建筑倾斜观测，当被测建筑具有明显的外部特征点和宽敞的观测场地时，宜选用 （　　） 。,A.前方交汇法 / B.极坐标法 / C.视准线法 / D.小角度法 / E.投点法,ACDE,AE,,当被测建筑物具有明显的外部特征点和宽敞的观测场地时，宜选用投点法、测水平角法或前方交会法。
1065,multiple,★高风险(解析串台),0.11,人造板材幕墙专项要求，以下 （　　） 面板与幕墙构件的连接可以采用通长挂件连接。,A.瓷板 / B.微晶玻璃板 / C.陶板 / D.纤维水泥板 / E.石材蜂窝板,ABCE,ABCD,,人造板材幕墙面板的连接方式： （1）瓷板、微晶玻璃板宜采用短挂件连接、通长挂件连接和背栓连接； （2）陶板宜采用短挂件连接，也可采用通长挂件连接； （3）纤维水泥板宜采用穿透支承连接或背栓支承连接，也可采用通长挂件连接； （4）石材蜂窝板宜通过板材背面预置螺母连接； （5）木纤维板宜采用末端形式为刮削式（SC）的螺钉连接或背栓连接，也可采用穿透连接。
628,single,中,0.17,有限空间应急救援预案 （　　） 至少进行1次应急培训与演练。,A.每两年 / B.每年 / C.每季度 / D.每半年,D,B,,"有限空间作业事故专项应急预案应每年至少组织1次演练,现场处置方案应至少每半年组织1次演练。"
821,multiple,中,0.17,安全生产许可和生产许可的主要区别体现在 （　　） 不同。,A.适用对象 / B.许可目的 / C.适用的法律 / D.审批的部门 / E.适用的行业,ABC,ABCD,,生产许可证，是针对“产品”的结果，对可能造成公共安全影响的产品的生产（担心产品对社会造成危害），实行许可证制度。比如米面、食用油、通信设备，劳动保障产品、爆炸物等等。审批部门一般是质量技术监督局，或其它主管工业的部门； 安全生产许可证，是针对“生产”的过程，对可能在生产制造过程中产生安全影响的制造（担心生产过程产生社会危害），实行许可证制度。比如采矿、危险化学物品、烟花鞭炮等等。审批部门一般是安监局。建设项目可能是建设部门审批。
1033,multiple,中,0.17,在建(构)筑物的转角处，门式作业脚手架内外两侧立杆上应按步设置 （　　） ，应将转角处的两榀门架连成一体。,A.水平架 / B.水平连接杆 / C.水平斜撑杆 / D.连墙件 / E.水平加固杆,CE,BC,,"在建筑物的转角处,门式脚手架内、外两侧立杆上应按步设置水平连接杆、斜撑杆,将转角处的两榀门架连成一体。"
134,single,中,0.18,根据《上海市危险性较大的分部分项工程专家论证管理办法》，危险性较大的分部分项工程专项施工方案论证报告应在论证后的 （　　） 个工作日内反馈给施工企业。,A.5 / B.7 / C.10 / D.15,B,A,,第十八条(论证报告要求)论证报告应符合下列要求: （一）论证报告结论应明确为“可行”或“不可行”； （二）论证报告意见应分为整改类和建议类。整改类意见必须执行。当结论明确为可行的，整改类意见修改完成，经企业审批后，必须反馈论证机构或论证组组长备案； （三）论证报告中对方案提出的意见应明确理由以及修改要求； （四）论证报告填写应规范，不得任意涂改； （五）论证报告应由所有参与论证的专家签名，每个论证专家的论证意见应附后；由论证机构组织的，论证机构还应加盖论证机构公章。 （六）论证报告应在论证后的 5 个工作日内反馈给施工企业。
831,multiple,中,0.18,某施工单位申领建筑施工企业安全生产许可证时，根据我国《建筑施工企业安全生产许可证管理规定》，应具备经建设行政主管或其他有关部门考核合格的人员包括 （　　） 。,A.应急救援人员 / B.单位主要负责人 / C.从业人员 / D.专职安全生产管理人员 / E.特种作业人员,BD,BDE,,第四条 建筑施工企业取得安全生产许可证，应当具备下列安全生产条件： （一）建立、健全安全生产责任制，制定完备的安全生产规章制度和操作规程； （二）保证本单位安全生产条件所需资金的投入； （三）设置安全生产管理机构，按照国家有关规定配备专职安全生产管理人员； （四）主要负责人、项目负责人、专职安全生产管理人员经建设主管部门或者其他有关部门考核合格； （五）特种作业人员经有关业务主管部门考核合格，取得特种作业操作资格证书； （六）管理人员和作业人员每年至少进行一次安全生产教育培训并考核合格； （七）依法参加工伤保险，依法为施工现场从事危险作业的人员办理意外伤害保险，为从业人员交纳保险费； （八）施工现场的办公、生活区及作业场所和安全防护用具、机械设备、施工机具及配件符合有关安全生产法律、法规、标准和规程的要求； （九）有职业危害防治措施，并为作业人员配备符合国家标准或者行业标准的安全防护用具和安全防护服装； （十）有对危险性较大的分部分项工程及施工现场易发生重大事故的部位、环节的预防、监控措施和应急预案； （十一）有生产安全事故应急救援预案、应急救援组织或者应急救援人员，配备必要的应急救援器材、设备； （十二）法律、法规规定的其他条件。
344,single,中,0.2,围护墙侧向土压力监测点按土层分布情况布设时，每层应至少布设 （　　） 测点，且宜布置在各层 （　　） 。,A.1个，端部 / B.2个，两端 / C.2个，中部 / D.1个，中间,C,D,,当按土层分布情况布设时，每层应至少布设1个测点，且布置在各层土的中部；
649,single,中,0.2,配电系统的三部分中， （　　） 是整个配电系统的枢纽。,A.配电装置 / B.配电线路 / C.接地装置 / D.安全装置,A,B,,配电系统主要由配电线路、配电装置和接地装置三部分组成。其中配电线路是整个配电系统的枢纽。
822,multiple,中,0.2,我国涉及施工企业安全生产许可证的法规有 （　　） 。,A.《建筑施工企业安全生产许可证管理规定实施意见》 / B.《中华人民共和国行政许可法》 / C.《上海市建筑施工企业安全生产许可批后监督管理办法》 / D.《安全生产许可证条例》 / E.《建筑施工企业安全生产许可证管理规定》,DE,BDE,,资料： 根据《行政许可法》、《安全生产许可证条例》（国务院令第397号）、《建设工程安全生产管理条例》（国务院令第393号）和《建筑施工企业安全生产许可证管理规定》（部令第128号）等法规及有关规定，现将我厅审核的2025年第21批建筑施工企业安全生产许可证结果予以公告。
1115,multiple,中,0.2,下列关于压缩配电间距规则的选项，正确的包括 （　　） 。,A.压缩配电间距规则中规定关箱与其供电的固定式用电设备的水平距离不宜超过3m / B.压缩配电间距规则中规定分配电箱与开关箱的距离不得超过30m / C.分配电箱应设在用电设备或负荷相对分散的场所 / D.压缩配电间距规则是指除总配电箱，配电室(配电柜)外，分配电箱与开关箱之间，开关箱与用电设备之间的空间间距应尽量伸长 / E.实行一机一闸,AB,ABE,,压缩配电间距 压缩配电间距原则是指各配电箱、 开关箱之间的距离应尽量缩短。 总配电箱应设在靠近电源的区域， 分配电箱应设在用电设备或负荷相对集中的区域， 分配电箱与开关箱的距离不得超过 30m ，开关箱与其控制的固定式用电设备的水平距离不宜超过3m 。
1165,multiple,中,0.2,专项施工方案中以单位工程编制的包括 （　　） 等内容。,A.基坑支护 / B.消防平面布置图 / C.起重吊装 / D.拆除施工 / E.模板工程及支撑,ACD,ACDE,,专项施工方案：基坑支护、降水、土方开挖、模板工程及支撑、脚手架搭设（悬挑、落地）、起重设备安装拆卸方案、 卸料平台（悬挑式钢平台）、起重吊装、拆除施工、以上以单位工程编制，施工临时用电可以单项工程编制、现场平面布置图、安全警示标志平面布置图、消防平面布置图、临时用电平面布置图及其他，开工前要求技术员编制完成。
580,single,中,0.22,装配整体式混凝土结构中特殊结构或必要的外墙板构件安装可选用 （　　） 作为安全防护。,A.围挡 / B.全防护操作架 / C.落地脚手架 / D.局部脚手架,B,C,,装配整体式混凝土结构施工宜采用围挡或外防护架，特殊结构或必要的外墙板构件安装可选用落地式脚手架。
326,single,低,0.25,下列关于钻孔咬合桩施工说法正确的是 （　　） 。,A.桩顶应设导墙，导墙的厚度宜取0.3~0.5m / B.桩顶应设置导墙，导墙宽度宜取2m / C.钢筋混凝土桩应在素混凝土桩终凝前，通过成孔时切割部分素混凝土桩身形成与素混凝土桩的互相咬合 / D.抓斗在套管内取土时，套管底部应始终位于抓土面上方，且抓土面与套管低的距离应大于2m,C,A,,钻孔咬合桩施工可采用液压钢套管全长护壁、机械冲抓成孔工艺，其施工应符合下列要求： （1）桩顶应设置导墙，导墙宽度宜取3m～4m，导墙厚度宜取0.3m～0.5m； （2）咬合桩应按先施工素混凝土桩、后施工钢筋混凝土桩的顺序进行；钢筋混凝土桩应在素混凝土桩初凝前通过在成孔时切割部分素混凝土桩身形成与素混凝土桩的互相咬合搭接；钢筋混凝土桩的施工尚应避免素混凝土桩刚浇筑后被切割； （3）钻机就位及吊设第一节套管时，应采用两个测斜仪贴附在套管外壁并用经纬仪复核套管垂直度，其垂直度允许偏差应为3‰。液压套管应正反扭动加压下切。管内抓斗取土时，套管底部应始终位于抓土面下方，抓土面与套管底的距离应大于1.0m； （4）孔内虚土和沉渣应清除干净，并用抓斗夯实孔底；灌注混凝土时，套管应随混凝土浇筑逐段拔；套管应垂直提拔，阻力过大时应转动套管同时缓慢提拔。
415,single,低,0.25,以下不属于格构式防坠装置的类别是 （　　） 。,A.摆块式 / B.转轮式 / C.摩擦式 / D.顶撑式,D,C,,"防坠装置分为格构式和摩擦式,格构式分为摆块式、转轮式和顶撑式。"
883,multiple,低,0.25,根据《关于上海市建筑施工特种作业人员考核和持证上岗管理工作的实施意见》的规定，必须通过定点强化培训经考试后方可上岗的情况除了 （　　） 。,A.连续一年内有2次违章记录的 / B.连续一年内有3次违章记录的 / C.因违章操作，导致发生财产损失事故的 / D.因违章操作，导致发生人员伤亡事故的 / E.因违章操作，导致发生人员重大伤亡事故的,A,BE,,【注意题目内容，是除了】 （三）有下列情况之一的，必须通过定点强化培训经考试后方可上岗： 1、连续一年内有2次违章记录的； 2、因违章操作，导致发生财产损失事故的； 3、因违章操作，导致发生人员伤亡事故的；
1002,multiple,低,0.25,以下关于喷射井点施工说法错误的是 （　　） 。,A.井管采用金属管，管壁上渗水孔宜按梅花状布置 / B.井点管水平间距一般为2~3m / C.井点管直径宜为100~150mm / D.成孔孔径不应小于300mm，成孔深度应大于过滤器底端埋深1.0m。 / E.每根喷射井点沉设完毕后，必须及时进行单井试抽，试抽持续到水由浊变清为止,BD,BCD,,喷射井点施工 （1）井点管直径宜为75mm～100mm，井点管水平间距宜为2.0～4.0m。 （2）成孔孔径不应小于400mm，成孔深度应大于过滤器底端埋深1.0m。 （3）回填滤料应符合规定。 （4）每套喷射井点的井点数不宜超过30根，总管直径不宜小于为150mm，总长不宜超过60.0m。如果多套井点呈环圈布置，各套进水总管之间宜用阀门隔开，每套井点自成系统。 （5）每根喷射井点沉设完毕后，必须及时进行单井试抽，排出的浑浊水不得回入循环管路系统，试抽时间持续到水由浊变清为止。 （6）喷射井点系统安装完毕，亦需进行试抽，不应有漏气或翻砂冒水现象。工作水应保持清洁，在降水过程中应视水质浑浊程度及时更换。 补充： 3.10 真空井点的构造应符合下列要求： 1）井管宜采用金属管，管壁上渗水孔宜按梅花状布置，渗水孔直径宜取12mm～18mm，渗水孔的孔隙率应大于15%，渗水段长度应大于1.0m；管壁外应根据土层的粒径设置滤网；
1181,multiple,低,0.25,应该设置疏散指示标志灯的地方包括 （　　） 等。,A.疏散走道 / B.疏散走道的交叉口 / C.疏散走道的拐弯处 / D.楼梯 / E.安全出口,ABCDE,ABCE,,疏散通道及其交叉口、拐弯处、安全出口处应设置疏散指示标志灯。
1804,judge,低,0.25,装配式混凝土建筑预制构件吊装作业，临时固定措施按设计方案设置，安全可靠。,A.正确 / B.错误,A,B,,"临时固定措施按施工方案设置,安全可靠;"
242,single,低,0.27,在建设工程领域中最常见的职业伤害事故共有7类。下列选项中 （　　） 不属于建设工程领域中最常见的职业伤害事故。,A.灼烫 / B.物体打击 / C.中毒 / D.火灾,C,A,,在建设工程领域中最常见的是高处坠落、物体打击、机械伤害、触电、坍塌、中毒、火灾7类。
450,single,低,0.27,玻璃幕墙施工中，同层横梁的标高偏差，当幕墙宽度大于35m时，不应大于 （　　） mm，同一层横梁在安装时应由上而下进行。,A.4 / B.5 / C.6 / D.7,B,D,,"对于一幅玻璃幕墙的宽度小于或等于35m时,同层横梁的标高允许偏差,不应大于5mm;当一幅幕墙宽度大于35m时,不应大于7mm。"
812,multiple,低,0.29,"全国安全生产专项整治三年行动计划》，在专题实施方案中，把企业落实主体责任的要求概括为四个体系，即 （　　） ,体现“齐抓共管”的思路。",A.企业主体责任体系 / B.规范化安全管理体系 / C.安全管理体系 / D.社会化服务体系 / E.安全预防控制体系,ACDE,ABDE,,在该专题实施方案中，把企业落实主体责任的要求概括为以下四个体系，即企业主体责任体系、规范化安全管理体系、安全预防控制体系、社会化服务体系，充分体现了一直强调的“齐抓共管”思路。
1041,multiple,低,0.29,大跨度及厂房钢结构工程安全要点中，对当天作业存在的 （　　） 进行交代。,A.危险源 / B.危险点 / C.框架桁架的动火点监控 / D.土建施工路线对吊车的影响 / E.下方行人路线的注意避让,ABCE,ABCDE,,大跨度及厂房钢结构工程的安全要点包括对当天作业存在的危险源和危险点进行交代；对框架桁架的动火点进行监控；考虑土建施工路线对吊车的影响；以及注意下方行人路线的避让。
1171,multiple,低,0.29,消防安全管理制度的消防安全教育与培训制度包括 （　　） 等内容。,A.施工现场消防安全管理制度 / B.报火警、接警的程序和方法 / C.可燃及易燃易爆危险品管理制度 / D.用火用电用气管理制度 / E.应急预案演练制度,ABCDE,ABE,,消防安全教育和培训应包括下列内容： 1 施工现场消防安全管理制度、防火技术方案、灭火及应急疏散预案的主要内容。 2 施工现场临时消防设施的性能及使用、维护方法。 3 扑灭初起火灾及自救逃生的知识和技能。 4 报警、接警的程序和方法。
1185,multiple,低,0.29,锅炉烟道和烟囱与可燃物应保持一定的距离，下列说法正确的是 （　　） 。,A.金属烟囱距可燃结构不小于100cm / B.金属烟囱距已做防火保护层的可燃结构不小于100cm / C.未采取消烟除尘措施的锅炉，其烟囱应设防火星帽 / D.砖砌的烟囱和烟道其内表面距可燃结构不小于10cm / E.砖砌的烟囱和烟道其外表面距可燃结构不小于10cm,BCDE,ACE,,锅炉烟道和烟囱与可燃构件应保持一定的距离。金属烟囱距可燃结构不小于100cm;已做防火保护层的可燃结构不小于 70cm;砖砌的烟肉和烟道其内表面距可燃结构不小于50cm，其外表面不小于 10cm。 未采取消烟除尘措施的锅炉，其烟肉应设防火星帽。
970,multiple,低,0.3,依据《建筑起重机械安全监督管理规定》，施工总承包单位应当履行安全职责，其中包括 （　　） 。,A.审核安装单位制定的建筑起重机械安装、拆卸工程方案 / B.审核安装单位制定的生产安全事故应急救援预案 / C.审核安装单位的资质证书 / D.审核特种作业人员的特种作业操作资格证书 / E.审核使用单位的资质证书,ABCD,ABCDE,,第二十一条 施工总承包单位应当履行下列安全职责： （一）向安装单位提供拟安装设备位置的基础施工资料，确保建筑起重机械进场安装、拆卸所需的施工条件； （二）审核建筑起重机械的特种设备制造许可证、产品合格证、制造监督检验证明、备案证明等文件； （三）审核安装单位、使用单位的资质证书、安全生产许可证和特种作业人员的特种作业操作资格证书； （四）审核安装单位制定的建筑起重机械安装、拆卸工程专项施工方案和生产安全事故应急救援预案； （五）审核使用单位制定的建筑起重机械生产安全事故应急救援预案； （六）指定专职安全生产管理人员监督检查建筑起重机械安装、拆卸、使用情况； （七）施工现场有多台塔式起重机作业时，应当组织制定并实施防止塔式起重机相互碰撞的安全措施。
75,single,低,0.33,建筑工程办理安全备案手续需要的材料中，不包括 （　　） 。,A.工程中标通知书 / B.项目经理安全生产能力考核证书 / C.安全A类人员证书 / D.安全技术措施方案,D,C,,建筑工程安全备案需要的材料：工程中标通知书、项目经理安全生产能力考核证书、安全技术措施方案、安全生产许可证、安全C类人员证书等。
181,single,低,0.33,根据《上海市消防条例》规定，消防安全重点单位应当至少 （　　） 进行消防演练。,A.每月一次 / B.每季度一次 / C.每年一次 / D.每年二次,C,D,,消防安全重点单位应当每年进行至少两次消防演练。
618,single,低,0.33,高空作业车的调平机构应保证工作平台在任一工作位置均处于水平状态，工作平台底面与水平面的夹角应不大于 （　　） 。,A.5° / B.7° / C.10° / D.15°,D,A,,作业车的调平机构应保证工作平台在任一工作位置均处于水平状态，工作平台底面与水平面的夹角应不大于5°，调平过程必须平稳、可靠，不得出现振颤、冲击、打滑等现象。
882,multiple,低,0.33,根据《关于进一步加强本市建筑起重机械监督管理的通知》的规定，本市建筑起重机械的设备备案包括 （　　） 。,A.产权备案 / B.进沪备案 / C.过户备案 / D.变更备案 / E.离沪备案,ACD,ABC,,本市建筑起重机械的设备备案包括：产权备案、过户备案、进沪备案，由上海市建设安全协会（以下简称安全协会）负责具体实施。
1138,multiple,低,0.33,架空线路的组成一般包括 （　　） 。,A.导线 / B.绝缘导线 / C.绝缘子 / D.横担 / E.电杆,ACDE,BCDE,,架空线路一般包括四部分，即电杆、横担、绝缘子和绝缘导线。如采纳绝缘横担，则架空线路可由电杆、绝缘横担、绝缘线三部分组成。
1144,multiple,低,0.33,文明施工包括了一般项目和保证项目，以下属于保证项目的有 （　　） 。,A.现场围挡 / B.封闭管理 / C.公示标牌 / D.生活设施 / E.材料管理,AB,ABE,,文明施工 一般项目:综合治理、公示标牌、生活设施、社区服务。 保证项目:现场围挡、封闭管理、施工场地、材料管理、现场办公与住宿、现场防火。
103,single,低,0.38,根据《建筑施工安全生产标准化考评暂行办法》规定，建筑施工企业在办理安全生产许可证延期时，应当向 （　　） 提交企业自评材料。,A.县级及以上住房城乡建设主管部门 / B.项目所在地安全管理部门 / C.企业考评主体 / D.行业考评主体,A,C,,第二十五条 建筑施工企业在办理安全生产许可证延期时，应当向企业考评主体提交企业自评材料。
790,single,低,0.38,某一在建工地上有施工设备遭到雷击，导致现场4名施工人员受伤。施工现场内的金属机械设备，当在相关装置的保护范围以外时，应按相关规定安装 （　　） 。,A.放电装置 / B.防雷装置 / C.避雷针 / D.避雷装置,D,B,,施工现场内的金属机械设备，当在相关装置（如防雷接地装置、接闪器）的保护范围以外时，应按相关规定安装 防雷装置。
873,multiple,低,0.38,根据《上海市危险性较大的分部分项工程专家论证管理办法》，方案由施工企业自行组织论证的，论证档案由 （　　） 留存备查。,A.设计单位 / B.建设单位 / C.施工单位 / D.监理单位 / E.监督机构,BCD,CD,,方案由机构论证的，论证档案由论证机构和施工企业、监理单位分别留存；方案由施工企业自行组织论证的，论证档案由施工企业和监理单位留存备查。
1179,multiple,低,0.38,地下工程施工的防火要求包括：安全出入口、疏散走道和楼梯的宽度应按 （　　） 的净宽计算。,A.不小于1m / B.不小于2m / C.其通过人数每100人不小于1m / D.其通过人数每100人不小于2m / E.每个出入口的疏散人数不宜超过200人,C,AC,,安全出口、疏散通道和楼梯的宽度应按其通过人数每100人不小于1m的净宽计算。
137,single,低,0.4,根据《上海市建设工程危险性较大的分部分项工程安全管理实施细则》，安全生产设施设备类危大工程，以及专项施工方案中要求验收的工程，应由 （　　） 组织相关岗位及分包单位进行验收。,A.方案编制人员 / B.施工单位项目负责人 / C.总监理工程师 / D.项目专职安全生产管理人员,B,A,,第二十一条（危大工程验收）模板工程及支撑体系、脚手架工程、起重机械安装拆卸工程等安全生产设施设备类危大工程，以及专项施工方案中要求验收的工程，应由方案编制人员组织相关岗位及分包单位进行验收，经施工单位项目技术负责人及总监理工程师签字确认后，方可进入下一道工序。
241,single,低,0.4,起重伤害指从事各种起重作业时发生的 （　　） 事故。,A.机械伤害 / B.触电伤害 / C.坠落伤害 / D.物体打击伤害,A,D,,起重伤害事故是指在进行各种起重作业（包括吊运、安装、检修、试验）中发生的重物（包括吊具、吊重或吊臂）坠落、夹挤、物体打击、起重机倾翻等事故。
322,single,低,0.4,地下连续墙预制墙段运输时叠放层数不宜超过 （　　） 层。,A.2 / B.3 / C.4 / D.5,B,A,,根据《建筑深基坑工程施工安全技术规范JGJ 311》的规定，地下连续墙预制墙段运输叠放层数不宜超过2层。
710,single,低,0.4,施工现场的围挡的稳固度，应满足抗 （　　） 级以上大风。,A.6 / B.7 / C.8 / D.9,D,C,,施工现场的围挡应稳固、整洁，并能抗8级以上大风。 这个要求出自《上海市建设工程文明施工管理规定》等地方性管理办法，确保在恶劣天气下围挡不会倾倒，保障行人和施工安全。
713,single,低,0.4,围挡内测 （　　） m范围内禁止堆放料具、土石方等物料。,A.1 / B.3 / C.5 / D.7,B,A,,围挡外侧5米范围内应保持清洁。围挡内侧1米范围内禁止堆放料具、土石方等物料。禁止将围挡用作挡土墙或其他设施设备的支撑。
1136,multiple,低,0.4,下列关于架空线的绝缘色标准中，正确的是 （　　） 。,A.L1(A相)一黄色 / B.L2(B相)一红色 / C.L3(C相)一绿色 / D.N线一蓝色 / E.PE线一绿/黄双色,ACDE,ADE,,根据中国电力系统的相关标准（如《低压配电设计规范》GB 50054等），架空线的绝缘色标准通常如下： • L1（A相）：黄色 • L2（B相）：绿色 • L3（C相）：红色 • N线（中性线）：蓝色或浅蓝色 • PE线（保护接地线）：绿/黄双色 我们逐一分析选项： • A. L1(A相)一黄色：正确，A相通常使用黄色。 • B. L2(B相)一红色：错误，B相应为绿色，红色通常用于C相。 • C. L3(C相)一绿色：错误，C相应为红色，绿色通常用于B相。 • D. N线一蓝色：正确，N线（中性线）通常使用蓝色或浅蓝色。 • E. PE线一绿/黄双色：正确，PE线（保护接地线）使用绿/黄双色。
16,single,低,0.43,《中华人民共和国安全生产法》是我国有关安全生产的一部 （　　） 法律。,A.专门 / B.基本 / C.基础 / D.相关,A,C,,1） 基础法 我国有关安全生产的基础法律包括《中华人民共和国安全生产法》以下简称《安全生产法》，以及与它平行的专门法律和相关法律。《安全生产法》是综合规范安全生产法律制度的法律，它适用于所有生产经营单位，是我国安全生产法律体系的核心。
984,multiple,低,0.45,建筑施工安全生产技术监测现场测点布置中，在监测对象 （　　） 部位，监测点的数量和观测频度应适当加密。,A.内力变化大 / B.变形变化大 / C.高度大 / D.建筑角部 / E.周边重点监护,ABD,ABE,,"在监测对象内力和变形变化大的代表性部位及周边重点监护部位,监测点的数量和观测频度应适当加密;"
1175,multiple,低,0.45,用于在建工程的材料进场后，可燃材料宜存放于库房内，如露天存放时，应分类成垛堆放，并要求 （　　） 。,A.垛高不应超过2m / B.单垛体积不应超过50立方米 / C.单垛体积不应超过100 立方米 / D.垛与垛之间的最小间距不应小于1m / E.垛与垛之间的最小间距不应小于2m,ADE,ABE,,6.2.2 可燃材料及易燃易爆危险品应按计划限量进场。进场后，可燃材料宜存放于库房内，露天存放时，应分类成垛堆放，垛高不应超过 2m，单垛体积不应超过 50m3，垛与垛之间的最小间距不应小于 2m，且应采用不燃或难燃材料覆盖；易燃易爆危险品应分类专库储存，库房内应通风良好，并应设置严禁明火标志。
152,single,低,0.48,根据《关于进一步加强建设工程起重机械监督管理的通知》的规定，起重机械无设计使用年限规定的，使用满 （　　） 年的，每年开展一次，满 （　　） 年的，每半年开展一次检测评估，合格后方可继续使用。,A.5，10 / B.10，15 / C.15，20 / D.15，30,C,B,,无设计使用年限规定的，使用满10年的，每年度开展一次，满15年的，每半年开展一次检测评估，合格后方可继续使用。检测评估须由法定单位实施。
446,single,低,0.48,幕墙安装工程，项目部根据项目特点和现场环境编制《安全事故应急救援及施工现场安全急救方案》，并组织演练，一旦发生事故按已审批的 （　　） 开展救援工作，防止事故扩大，减少人员伤亡。,A.专项施工方案 / B.救援方案 / C.应急处置方案 / D.施工现场安全急救方案,D,B,,"安全事故应急救援及施工现场安全急救处理练,一旦发生事故按已审批的救援方案开展求援工作,防止事故扩大,减少人员伤亡。"
273,single,低,0.5,《上海市建设工程质量安全监督管理规定》规定，监督机构对每个项目的质量安全监督抽查次数为 （　　） 。,A.每月不应少于一次 / B.每季度不应少于一次 / C.每月不应少于两次 / D.每季度不应少于两次,A,B,,监督机构对每个项目的质量安全监督抽查次数为每季度不应少于一次
1036,multiple,低,0.5,当碗扣式钢管模板支撑架同时满足下列条件时，可不设置竖向及水平向的斜撑杆和剪刀撑 （　　） 。,A.被支撑结构自重面荷载标准值不大于8kN/㎡ / B.搭设高度小于5m，架体高宽比小于1.5 / C.被支撑结构自重线荷载标准值不大于8kN/m / D.架体按要求与既有建筑结构进行了可靠连接 / E.场地满足承载力要求,BCD,BCDE,,当模板支撑同时满足下列条件时，可不设置竖向及水平向的斜撑杆和剪刀撑： （1）搭设高度小于5m，架体高宽比小于1.5； （2）被支撑结构自重面荷载标准值不大于5kN/m2，线荷载标准值不大于8kN/m； （3）架体按规范要求与既有建筑结构进行了可靠边连接； （4）场地地基坚实、均匀，满足承载力要求。
1130,multiple,低,0.5,配电装置应定期检查、维修，检查、维修时应遵循的事项包括 （　　） 等内容。,A.检查、维修人员必须是持证专业电工 / B.检查、维修时必须先将需本级配电装置的相应隔离开关分闸断电 / C.严禁带电作业 / D.检查、维修人员必须按规定穿戴绝缘、防护用品 / E.检查、维修前应悬挂“禁止合闸有人工作”的停电标志牌,ABCDE,ACDE,,"配电装置应定期检查、维修。检查、维修人员必须是专业电工。检查、维修时，必须首先将其前一级配电装置的相应隔离开关分闸断电，并悬挂“禁土合闸有人工作""停电标志牌，严禁带电作业检查、维修人员必须按规定穿戴绝缘、防护用品，使用绝缘工具。"
1840,judge,低,0.5,升降机分为人用升降机和货用升降机。,A.正确 / B.错误,A,B,,升降机分为人货两用升降机和货用升降机。
370,single,低,0.56,拆除条形基础、杯形基础、独立基础或设备基础的钢模板时，正确的拆除顺序为： （　　） 。,A.先拆U型卡和L型插销，后拆面板 / B.先拆钩头螺栓和内外钢楞，后拆拉杆和斜撑 / C.先拆钩头螺栓和内外钢楞，后拆U型卡和L型插销 / D.先拆U型卡和L型插销，后拆钩头螺栓和内外钢楞,B,C,,拆除条形基础、杯形基础、独立基础或设备基础的模板时，应遵守下列规定： ①拆除前应先检查基槽(坑)土壁的安全状况，发现有松软、龟裂等不安全因素时，应在采取安全防范措施后，方可进行作业。 ②模板和支撑杆件等应随拆随运，不得在离槽(坑)上口边缘1000mm 以内堆放。 ③拆除模板时，施工人员必须站在安全地方。应先拆内外木楞、再拆木面板；钢模板应先拆钩头螺栓和内外钢楞，后拆U型卡和L型插销，拆下的钢模板应妥善传递或用绳钩放置地面，不得抛掷。拆下的小垄零配件应装入工具袋内或小型箱内，不得随处乱扔。
974,multiple,低,0.6,危险源辨识是指识别危险源的 （　　） ，并确定其特性的过程。,A.存在 / B.根源 / C.状态 / D.方位 / E.程度,AC,AE,,危险源辨识是指识别危险源的存在并确定其特性的过程，危险源辨识是安全管理的基础工作，主要目的是要找出每项工作有关的所有危险源，并考虑这些危险源可能会对什么人造成什么样的损害或导致什么设备设施损坏。
1112,multiple,低,0.6,施工现场用电安全技术档案包括 （　　） 等内容。,A.用电技术交底记录 / B.临时用电工程检查验收记录表 / C.接地电阻测验记录表 / D.施工现场用电组织设计的全部资料 / E.绝缘电阻测验记录表,ABCDE,ACDE,,按照《规范》的规定，施工现场用电安全技术档案应包括以下八个方面的内容： ① 施工现场用电组织设计的全部资料； ② 修改施工现场用电组织设计资料； ③ 用电技术交底资料； ④ 施工现场用电工程检查验收表； ⑤ 电气设备试、检验凭单和调试记录； ⑥ 接地电阻、绝缘电阻、漏电保护器漏电动作参数测定记录表； ⑦ 定期检(复)查表； ⑧ 电工安装、巡检、维修、拆除工作记录。
836,multiple,低,0.64,根据《安全生产法》的规定，生产经营单位的安全生产管理机构以及安全生产管理人员履行职责 （　　） 职责。,A.组织拟定本单位安全生产规章制度 / B.参与拟定本单位操作规程 / C.组织开展危险源辨识和评估 / D.组织本单位应急救援演练 / E.督促落实本单位安全生产整改措施,ABCE,ABCDE,,第二十五条 生产经营单位的安全生产管理机构以及安全生产管理人员履行下列职责： （一）组织或者参与拟订本单位安全生产规章制度、操作规程和生产安全事故应急救援预案； （二）组织或者参与本单位安全生产教育和培训，如实记录安全生产教育和培训情况； （三）组织开展危险源辨识和评估，督促落实本单位重大危险源的安全管理措施； （四）组织或者参与本单位应急救援演练； （五）检查本单位的安全生产状况，及时排查生产安全事故隐患，提出改进安全生产管理的建议； （六）制止和纠正违章指挥、强令冒险作业、违反操作规程的行为； （七）督促落实本单位安全生产整改措施。 生产经营单位可以设置专职安全生产分管负责人，协助本单位主要负责人履行安全生产管理职责。
95,single,低,0.67,安全生产标准化是 （　　） 工作一部分。,A.标准化 / B.企业安全生产标准化 / C.国家安全生产标准化 / D.国家标准化,D,C,,建设工程安全生产标准化是全国企业安全生产标准化的一部分。
599,single,低,0.67,内爬升作业应在白天进行。风力超过 （　　） 级时，应停止作业。,A.2 / B.3 / C.4 / D.5,C,D,,"内爬升作业应在白天进行。风力在五级及以上时,应停止作业。"
1157,multiple,低,0.67,安全生产管理资料和记录的填写与制作应符合 （　　） 等要求。,A.应真实、完整，字迹清晰，签章规范 / B.不得随意涂改，具有一致性和可追溯性 / C.应采用信息化管理技术 / D.应至工程完工后处理或归档 / E.应随工程施工同步形成，分类归集保管,ABE,ABCE,,（4）安全生产管理资料和记录的填写与制作应当符合以下条件： 1）真实完整，字迹清楚，签章规范，不得随意涂改，并具有一致性和可追溯性； 2）随工程施工同步形成，分类归集保管，直至工程竣工交付后处理或归档； 3）采用信息化管理技术。
192,single,低,0.7,脚手架应按相关规定编制施工方案， （　　） 审批签字， （　　） 组织有关部门验收，经验收合格签字后，方可作业。,A.施工单位技术负责人，项目负责人 / B.施工单位分管负责人，项目分管负责人 / C.施工单位分管负责人，项目技术负责人 / D.施工单位技术负责人，项目技术负责人,A,B,,"脚手架应按相关规定编制施工方案,施工单位分管负责人审批签字,项目分管负责人组织有关部门验收,经验收合格签字后,方可作业。"
896,multiple,低,0.71,对于发生建筑施工火灾事故的，要加大责任追究力度，做到 （　　） 这四不放过。,A.事故原因未查清不放过 / B.责任人员未处理不放过 / C.整改措施未落实不放过 / D.有关人员未受到教育不放过 / E.教训不吸取不放过,ABCD,ABCE,,《住房城乡建设部通知进一步加强建筑施工消防安全》 对于发生建筑施工火灾事故的，要加大责任追究力度，做到事故原因不查清不放过、事故责任者得不到处理不放过、整改措施不落实不放过、教训不吸取不放过。
426,single,低,0.75,钢结构安装施工中，边长或直径为 （　　） cm的洞口应采用刚性盖板固定防护。,A.35 / B.45 / C.50 / D.60,C,A,,边长或直径为20cm~40cm的洞口应采用刚性盖板固定防护。
1045,multiple,低,0.78,钢结构安装施工中，边长或直径为 （　　） cm的洞口应架设钢管脚手架、满铺脚手板等。,A.40 / B.50 / C.60 / D.150 / E.160,AB,ABCD,,边长或直径为40cm~150cm的洞口应架设钢管脚手架、满铺脚手板等
1154,multiple,低,0.8,施工现场设置生活区的，应当符合 （　　） 等规定。,A.设置饮用水设施 / B.设置盥洗池或淋浴间 / C.设置水冲式或移动式厕所 / D.生活区和作业区分隔设置 / E.厕所由专人负责冲洗和消毒,ABCDE,ACDE,,选项B是【和】而不是【或】 第二十一条（施工现场生活区设置） 施工现场设置生活区的，应当符合下列规定： （一）生活区和作业区分隔设置； （二）设置饮用水设施； （三）设置盥洗池和淋浴间； （四）设置水冲式或者移动式厕所，并由专人负责冲洗和消毒； （五）设置符合分类要求的密闭式垃圾容器，生活垃圾应当分类放置于垃圾容器内并做到日产日清。 在生活区设置食堂的，应当依法办理餐饮服务许可手续，并遵守食品卫生管理的有关规定。 在生活区设置宿舍的，应当安装可开启式窗户，每间宿舍人均居住面积不得低于4平方米。
1083,multiple,低,0.86,当立网用于龙门架、物料提升架及井架的封闭防护时，要求 （　　） 。,A.四周边绳应与支撑架贴紧 / B.边绳的断裂张力不得小于3kN / C.边绳的断裂张力不得小于5kN / D.系绳应绑在支撑架上 / E.间距不得大于750mm,ADE,ABDE,,"当立网用于龙门架、物料提升架及井架的封闭防护时,四周边绳应与支撑架贴紧,边绳的断裂张力不得小于3KN,系绳应绑在支撑架上,间距不得大于750㎜。"
1152,multiple,低,0.86,施工现场的 （　　） 等堆放，需砌筑不低于0.5m高度的围挡，表面采用苫布覆盖。,A.土 / B.石 / C.灰 / D.沙 / E.砂,ACDE,ABCE,,"施工现场的土、灰、砂、石堆放,需砌筑不低于0.5m高度的围挡,表面采用苫布覆盖。"
904,multiple,低,0.88,各类施工机械距基坑（槽）、边坡和基础桩孔边的距离，应根据 （　　） 确定，并不得小于15m。,A.设备重量 / B.基坑（槽） / C.边坡支护 / D.基础桩支护 / E.土质情况,AE,ABCDE,,"各类施工机械距基坑(槽)、边坡和基础桩孔边的距离,应根据设备重量、基坑(槽)、边坡和基础桩的支护、土质情况确定,并不得小于15m。"
131,single,低,0.9,基坑工程由施工总承包单位实施的，基坑工程施工方案应由该总承包单位编制， （　　） 审核、签字并加盖单位公章。,A.施工单位技术负责人 / B.总承包单位技术负责人 / C.分包单位技术负责人 / D.总监理工程师,B,A,,《上海市基坑工程管理办法》 第十八条 第二款 基坑工程由施工总承包单位实施的，基坑工程施工方案应由该总承包单位编制，施工单位技术负责人审核、签字并加盖单位公章；实行分包的，可由专业分包单位编制，但应由总承包单位技术负责人和分包单位技术负责人同时审核、签字，并加盖总包、分包单位公章。
1013,multiple,低,0.94,地下管线对附加变形的承受能力应考虑管线的材料、管节长度、接头构造、新旧状况、埋深、内压等因素，并宜与管线管理单位协商综合确定管线的 （　　） 。,A.强度 / B.容许变形量 / C.监控实施方案 / D.材料 / E.铺设方案,AB,BC,,地下管线对附加变形的承受能力应考虑管线的材料、管节长度、接头构造、新旧状况、埋深、内压等因素，并宜与管线管理单位协商综合确定管线容许变形量及监控实施方案。
315,single,低,1.0,重力式水泥土墙采用格栅形式时，格栅的面积置换率，对一般黏性土、砂土，不宜小于 （　　） 。,A.60% / B.70% / C.80% / D.90%,B,A,,"重力式水泥土墙采用格栅形式时,格栅的面积置换率,对淤泥质土,不宜小于0. 7;对淤泥,不宜小于0.8;对一般黏性土、砂土,不宜小于0.6。"
716,single,低,1.0,线形水利工程、非全封闭的城市道路工程和公路工程，施工工期小于 （　　） 天，可使用路栏式围挡。,A.7 / B.15 / C.20 / D.30,D,A,,线形水利工程、非全封闭的城市道路工程和公路工程，施工工期小于7天，可使用路栏式围挡。 这一规定旨在兼顾施工便捷性与交通安全，适用于短期、临时性的施工场景。
727,single,低,1.0,在生活区设置宿舍的，应当安装可开启式窗户，每间宿舍人均居住面积不得低于 （　　） ㎡。,A.2.5 / B.3 / C.3.5 / D.4,A,D,,《上海市建设工程文明施工管理规定》 施工现场设置生活区的，应当符合下列规定： （一）生活区和作业区分隔设置； （二）设置饮用水设施； （三）设置盥洗池和淋浴间； （四）设置水冲式或者移动式厕所，并由专人负责冲洗和消毒； （五）设置符合分类要求的密闭式垃圾容器，生活垃圾应当分类放置于垃圾容器内并做到日产日清。 在生活区设置食堂的，应当依法办理餐饮服务许可手续，并遵守食品卫生管理的有关规定。 在生活区设置宿舍的，应当安装可开启式窗户，每间宿舍人均居住面积不得低于4平方米。
818,multiple,低,1.0,企业要在适当位置对全员安全生产责任制进行长期公示。公示的内容主要包括 （　　） 。,A.所有层级安全生产责任 / B.所有岗位安全生产责任 / C.所有层级安全生产责任范围 / D.所有岗位安全生产责任范围 / E.所有岗位安全生产责任考核标准,ABD,ABCDE,,加强企业全员安全生产责任制公示。企业要在适当位置对全员安全生产责任制进行长期公示。公示的内容主要包括：所有层级、所有岗位的安全生产责任、安全生产责任范围、安全生产责任考核标准等。
1016,multiple,低,1.0,模板应具有足够的 （　　） ，应能可靠承受新浇混凝土的自重和侧压力以及施工过程中所产生的荷载。,A.承载能力 / B.硬度 / C.刚度 / D.整体性 / E.稳定性,ACDE,ACE,,模板应具有足够的承载力、刚度和稳定性，应能可靠承受新浇混凝土的自重和侧压力以及施工过程中所产生的荷载。
1060,multiple,低,1.0,"石材幕墙施工，将运至工地的石材饰面板按编号分类， （　　） ,按施工要求分层次将石材饰面板运至施工面附件，并注意摆放可靠。",A.检查尺寸有无准确 / B.有无破损 / C.有无缺楞 / D.有无掉角 / E.有无色差,ABCDE,ABCD,,石材幕墙施工，将运至工地的石材饰面板按编号分类，检查尺寸有无准确和有无破损、缺楞、掉角，按施工要求分层次将石材饰面板运至施工面附件，并注意摆放可靠。
1131,multiple,低,1.0,固定式配电箱、开关箱的中心点与地面的垂直距离应为 （　　） m。,A.1.3 / B.1.4 / C.1.5 / D.1.6 / E.1.7,BC,BCD,,固定式配电箱、开关箱的中心点与地面的垂直距离应为【1.4～1.6】m。
